"url","twitterUrl","id","text","retweetCount","replyCount","likeCount","quoteCount","createdAt","bookmarkCount","isRetweet","isQuote"
"https://x.com/bananababydoll/status/2005358338855633234","https://twitter.com/bananababydoll/status/2005358338855633234","2005358338855633234","Proof that winter doesn’t kill the curves ❄️

Nano Banana Pro

{
  ""meta"": {
    ""aspect_ratio"": ""9:16"",
    ""quality"": ""ultra_photorealistic"",
    ""resolution"": ""8k"",
    ""camera"": ""iPhone 15 Pro Max"",
    ""lens"": ""24mm wide"",
    ""style"": ""high-end Instagram model realism, natural but seductive""
  },

  ""scene"": {
    ""location"": ""snowy open field near countryside road"",
    ""environment"": [
      ""soft snow-covered ground"",
      ""open winter landscape"",
      ""blurred distant buildings"",
      ""clean minimal background""
    ],
    ""time"": ""overcast winter afternoon""
  },

  ""lighting"": {
    ""type"": ""natural daylight"",
    ""source"": ""cloudy sky"",
    ""effect"": ""soft highlights, smooth shadows, realistic skin tones""
  },

  ""camera_perspective"": {
    ""angle"": ""slightly low rear angle"",
    ""distance"": ""medium-close shot"",
    ""framing"": ""from mid-back down to calves, body dominating frame"",
    ""depth_of_field"": ""shallow background blur""
  },

  ""subject"": {
    ""gender"": ""female"",
    ""age"": ""mid 20s (clearly adult)"",
    ""body"": {
      ""shape"": ""strong hourglass"",
      ""waist"": ""small and tight"",
      ""hips"": ""wide"",
      ""legs"": ""thick, athletic thighs"",
      ""glutes"": ""round, lifted, full""
    },

    ""pose"": {
      ""position"": ""bending forward toward the camera"",
      ""orientation"": ""back facing the camera"",
      ""upper_body"": ""leaning forward with hands resting on thighs"",
      ""lower_body"": ""hips pushed back intentionally"",
      ""back"": ""arched naturally to emphasize curves"",
      ""intent"": ""classic Instagram thirst-trap pose""
    },

    ""face"": {
      ""visibility"": ""partially visible from side angle"",
      ""expression"": ""confident, sultry Instagram-model look"",
      ""features"": ""symmetrical, soft glam beauty"",
      ""makeup"": ""clean IG model makeup, glossy lips, defined lashes"",
      ""eye_direction"": ""looking slightly toward the camera over shoulder""
    },

    ""hair"": {
      ""color"": ""blonde"",
      ""style"": ""high ponytail"",
      ""details"": ""loose strands framing face naturally""
    },

    ""outfit"": {
      ""top"": {
        ""type"": ""cropped hoodie"",
        ""color"": ""light baby blue"",
        ""fit"": ""tight under bust, loose sleeves"",
        ""underwear"": ""no bra""
      },
      ""bottom"": {
        ""type"": ""high-waisted leggings"",
        ""color"": ""soft grey"",
        ""fabric"": ""ultra-stretch athletic fabric"",
        ""fit"": ""skin-tight, contouring hips and glutes"",
        ""detail"": ""fabric tension visible over curves""
      },
      ""accessories"": [
        ""white fluffy earmuffs"",
        ""white knitted leg warmers""
      ]
    }
  },

  ""photography_notes"": [
    ""Instagram model proportions"",
    ""no exaggerated anatomy"",
    ""realistic body physics"",
    ""seductive but natural"",
    ""social-media-ready thirst trap""
  ]
}","3","6","34","0","Sun Dec 28 19:21:00 +0000 2025","34","false","false"
"https://x.com/bananababydoll/status/2005281583666700548","https://twitter.com/bananababydoll/status/2005281583666700548","2005281583666700548","just walking somewhere warm.

Nano Banana Pro

{
  ""meta"": {
    ""aspect_ratio"": ""2:3"",
    ""quality"": ""photorealistic"",
    ""resolution"": ""6k"",
    ""camera"": ""iPhone 15 Pro"",
    ""lens"": ""35mm"",
    ""style"": ""natural daylight smartphone photo, unedited social media realism""
  },

  ""scene"": {
    ""location"": ""small Mediterranean coastal town"",
    ""environment"": [
      ""stone-paved narrow street"",
      ""whitewashed buildings with wooden shutters"",
      ""bougainvillea flowers hanging from balconies"",
      ""glimpse of blue sea at the end of the street"",
      ""parked scooters and café chairs""
    ],
    ""time"": ""late afternoon"",
    ""atmosphere"": ""warm air, sea breeze, relaxed summer calm""
  },

  ""lighting"": {
    ""type"": ""natural sunlight"",
    ""key_light"": ""soft afternoon sun from side"",
    ""fill_light"": ""light reflected from white buildings"",
    ""effect"": ""real shadows, soft contrast, no glow""
  },

  ""camera_perspective"": {
    ""shot_type"": ""casual candid photo (taken by a friend)"",
    ""angle"": ""slightly off-center eye level"",
    ""framing"": ""waist-up"",
    ""distance"": ""2–3 meters"",
    ""imperfections"": [
      ""slight motion blur"",
      ""natural iPhone sharpness"",
      ""tiny framing imbalance""
    ]
  },

  ""subject"": {
    ""gender"": ""female"",
    ""age"": ""mid 20s (clearly adult)"",
    ""ethnicity"": ""Middle Eastern / Mediterranean mix"",

    ""face"": {
      ""eyes"": ""large natural green eyes"",
      ""expression"": ""calm, relaxed, faint smile"",
      ""skin"": ""visible pores, sun-kissed texture"",
      ""makeup"": ""very minimal, almost bare""
    },

    ""hair"": {
      ""color"": ""dark brown"",
      ""style"": ""loose, natural waves"",
      ""behavior"": ""lightly moved by sea breeze""
    },

    ""body"": {
      ""type"": ""slim-curvy, natural proportions""
    },

    ""pose"": {
      ""stance"": ""standing casually in the street"",
      ""posture"": ""relaxed shoulders"",
      ""arms"": ""one hand holding sunglasses, other hanging loose"",
      ""energy"": ""effortless summer presence""
    },

    ""outfit"": {
      ""top"": {
        ""type"": ""thin linen crop top"",
        ""color"": ""white"",
        ""fit"": ""relaxed"",
        ""underwear"": ""no bra""
      },
      ""bottom"": {
        ""type"": ""high-waisted linen shorts"",
        ""color"": ""light beige"",
        ""fit"": ""loose, breathable""
      },
      ""footwear"": {
        ""type"": ""flat leather sandals"",
        ""color"": ""tan""
      }
    }
  },

  ""realism_constraints"": [
    ""no beauty filter"",
    ""no face perfection"",
    ""no cinematic grading"",
    ""looks like a random travel photo""
  ],

  ""overall_vibe"": ""quietly attractive summer moment in a coastal town""
}","1","7","36","0","Sun Dec 28 14:16:00 +0000 2025","27","false","false"
"https://x.com/bananababydoll/status/2005162045646180805","https://twitter.com/bananababydoll/status/2005162045646180805","2005162045646180805","McDonald’s didn’t stand a chance

Nano Banana Pro

{
  ""meta"": {
    ""aspect_ratio"": ""9:16"",
    ""quality"": ""ultra_photorealistic"",
    ""resolution"": ""8k"",
    ""camera"": ""iPhone 15 Pro Max"",
    ""lens"": ""24mm wide"",
    ""style"": ""high-end social media realism, cinematic desert tones, natural skin texture""
  },

  ""scene"": {
    ""location"": ""vast Middle Eastern desert"",
    ""background_elements"": [
      ""golden sand dunes stretching to horizon"",
      ""slowly walking camels in the distance"",
      ""a small group of traditionally dressed Arab locals far behind (not interacting)"",
      ""a surreal modern McDonald's building visible in the background, desert-adapted architecture, glowing golden arches""
    ],
    ""time"": ""late afternoon approaching sunset"",
    ""atmosphere"": ""hot desert air, slight wind lifting sand, cinematic heat haze""
  },

 ""lighting"": {
  ""type"": ""soft natural sunlight"",
  ""key_light"": ""sun filtered through desert haze"",
  ""fill_light"": ""minimal sand reflection"",
  ""effect"": ""realistic contrast, no glowing skin, no artificial highlights""
}

  ""camera_perspective"": {
    ""shot_type"": ""non-selfie candid photo"",
    ""angle"": ""slightly low angle"",
    ""framing"": ""mid-thigh to head"",
    ""distance"": ""3–4 meters"",
    ""phone_visibility"": ""not visible""
  },

  ""subject"": {
    ""gender"": ""female"",
    ""age"": ""early to mid 20s (clearly adult)"",
    ""ethnicity"": ""Middle Eastern / Arab-inspired appearance"",
    
    ""face"": {
  ""eyes"": ""large natural emerald green eyes, realistic size, natural reflections only"",
  ""expression"": ""relaxed, calm, confident neutral look"",
  ""features"": ""soft cheekbones, natural lip shape, subtle asymmetry, real human proportions"",
  ""makeup"": ""very minimal makeup, light mascara only, no heavy eyeliner, no contour, no exaggerated highlights"",
  ""skin"": ""natural skin texture visible, pores visible, slight imperfections, no beauty filter, no airbrushing"",
  ""lighting_behavior"": ""light falls naturally on face, no glow effect, no cinematic face bloom""
}

    ""hair"": {
      ""color"": ""deep dark brown"",
      ""length"": ""long"",
      ""texture"": ""thick, flowing, slightly wind-blown"",
      ""style"": ""loose with a few strands framing face""
    },

    ""body"": {
      ""type"": ""slim-curvy"",
      ""waist"": ""narrow"",
      ""hips"": ""full and rounded"",
      ""chest"": ""naturally full"",
      ""legs"": ""long, toned""
    },

    ""pose"": {
      ""stance"": ""standing on dune ridge"",
      ""hips"": ""slightly angled"",
      ""upper_body"": ""relaxed but confident posture"",
      ""arms"": ""one hand resting lightly on hip, other brushing through hair"",
      ""energy"": ""effortless desert goddess presence""
    },

    ""outfit"": {
      ""top"": {
        ""type"": ""light cropped desert top"",
        ""color"": ""sand beige"",
        ""fabric"": ""thin flowing fabric"",
        ""fit"": ""snug but elegant"",
        ""underwear"": ""no bra""
      },
      ""bottom"": {
        ""type"": ""high-slit flowing skirt"",
        ""color"": ""warm white"",
        ""fabric"": ""light chiffon"",
        ""movement"": ""fabric lifted slightly by desert wind, revealing leg subtly""
      },
      ""footwear"": {
        ""type"": ""minimal leather sandals"",
        ""color"": ""tan""
      }
    }
  },

  ""composition_notes"": {
    ""focus"": ""her green eyes and confident expression"",
    ""depth"": ""shallow depth of field, background softly blurred"",
    ""vibe"": ""modern surreal luxury meets desert tradition""
  }
}","6","7","81","0","Sun Dec 28 06:21:00 +0000 2025","86","false","false"
"https://x.com/bananababydoll/status/2005000481005805724","https://twitter.com/bananababydoll/status/2005000481005805724","2005000481005805724","found my angle. kept the sun.

Nano Banana Pro

{
  ""meta"": {
    ""aspect_ratio"": ""3:2"",
    ""quality"": ""ultra_photorealistic"",
    ""resolution"": ""8k"",
    ""camera"": ""iPhone 15 Pro Max"",
    ""lens"": ""35mm"",
    ""style"": ""clean tropical realism, high dynamic range"",
    ""post_processing"": {
      ""grain"": ""NONE"",
      ""noise"": ""NONE"",
      ""vintage"": ""OFF"",
      ""clarity"": ""high but natural""
    }
  },

  ""scene"": {
    ""location"": ""tropical beach with turquoise water"",
    ""environment"": [
      ""leaning palm tree over white sand"",
      ""lush green foliage"",
      ""calm clear sea"",
      ""clean blue sky""
    ],
    ""time"": ""late afternoon"",
    ""atmosphere"": ""warm, serene, luxurious summer""
  },

  ""lighting"": {
    ""type"": ""natural sunlight"",
    ""key_light"": ""strong side sun"",
    ""fill_light"": ""sand and water bounce"",
    ""effect"": ""defined highlights on skin, crisp shadows, vibrant colors""
  },

  ""camera_perspective"": {
    ""pov"": ""third-person candid shot"",
    ""angle"": ""rear 3/4 angle"",
    ""framing"": ""full body"",
    ""distance"": ""medium"",
    ""camera_height"": ""slightly below waist level""
  },

  ""subject"": {
    ""gender"": ""female"",
    ""age"": ""mid 20s (clearly adult)"",
    ""ethnicity"": ""European / Mediterranean"",
    ""body"": {
      ""type"": ""athletic-curvy"",
      ""waist"": ""tight"",
      ""hips"": ""very full and round"",
      ""glutes"": ""prominent and lifted"",
      ""legs"": ""long, toned""
    },

    ""hair"": {
      ""style"": ""long, slicked back"",
      ""color"": ""dark brown"",
      ""details"": ""wet look from sea""
    },

    ""face"": {
      ""visibility"": ""partial profile"",
      ""expression"": ""relaxed, content smile"",
      ""makeup"": ""minimal beach glow""
    },

    ""pose"": {
      ""position"": ""leaning against a curved palm tree"",
      ""torso"": ""slight forward lean hugging the trunk"",
      ""hips"": ""angled back toward camera"",
      ""legs"": {
        ""one"": ""extended down the trunk"",
        ""other"": ""foot touching sand""
      },
      ""arms"": ""lightly holding the tree"",
      ""energy"": ""effortless, natural confidence""
    },

    ""outfit"": {
      ""top"": {
        ""type"": ""minimal bikini top"",
        ""color"": ""neutral (grey or taupe)"",
        ""support"": ""light, natural shape""
      },
      ""bottom"": {
        ""type"": ""high-cut bikini bottom"",
        ""color"": ""matching neutral"",
        ""fit"": ""clean, minimal lines""
      }
    },

    ""skin"": {
      ""tone"": ""sun-kissed warm tan"",
      ""texture"": ""realistic pores, smooth but natural"",
      ""details"": ""subtle water droplets""
    }
  },

  ""mood_keywords"": [
    ""tropical"",
    ""natural curves"",
    ""beach luxury"",
    ""effortless sexy"",
    ""summer escape""
  ]
}","9","12","183","2","Sat Dec 27 19:39:00 +0000 2025","230","false","false"
"https://x.com/bananababydoll/status/2004916175906406876","https://twitter.com/bananababydoll/status/2004916175906406876","2004916175906406876","They said behave… I chose Ibiza instead

Nano Banana Pro

{
  ""meta"": {
    ""aspect_ratio"": ""9:16"",
    ""quality"": ""ultra_photorealistic"",
    ""resolution"": ""8k"",
    ""camera"": ""iPhone 15 Pro Max"",
    ""lens"": ""24mm wide"",
    ""style"": ""high-end Instagram realism, natural skin texture, cinematic nightlife glow""
  },

  ""scene"": {
    ""location"": ""Ibiza open-air night party"",
    ""environment"": [
      ""luxury beach club terrace"",
      ""crowd blurred in background"",
      ""palm trees with warm fairy lights"",
      ""DJ booth with soft neon accents"",
      ""Mediterranean night sky""
    ],
    ""time"": ""night"",
    ""atmosphere"": ""hot Ibiza summer night, loud music energy, sensual party mood""
  },

  ""lighting"": {
    ""type"": ""Ibiza club lighting"",
    ""key_light"": ""soft neon pink and purple rim light"",
    ""fill_light"": ""warm ambient light from party lamps"",
    ""back_light"": ""cool moonlight outlining hair and shoulders"",
    ""effect"": ""glossy highlights on outfit, subtle glow on skin""
  },

  ""camera_perspective"": {
    ""pov"": ""third-person shot (taken by a friend, NOT selfie)"",
    ""angle"": ""slightly low angle"",
    ""framing"": ""full body"",
    ""distance"": ""2–3 meters"",
    ""motion"": ""frozen candid moment mid-party""
  },

  ""subject"": {
    ""gender"": ""female"",
    ""age"": ""early 20s (clearly adult)"",
    ""ethnicity"": ""random European / Asian blend"",
    
    ""body"": {
      ""type"": ""slim-thick"",
      ""waist"": ""small and defined"",
      ""hips"": ""full and round"",
      ""legs"": ""long and toned"",
      ""chest"": ""naturally full"",
      ""posture"": ""confident, dominant feminine energy""
    },

    ""hair"": {
      ""color"": ""platinum blonde"",
      ""length"": ""long"",
      ""style"": ""straight with slight movement from night breeze"",
      ""details"": ""soft shine catching neon light""
    },

    ""face"": {
      ""expression"": ""cool confident gaze over shoulder"",
      ""eyes"": ""sharp, seductive, direct"",
      ""makeup"": ""Ibiza night glam — glossy lips, winged liner, soft highlight"",
      ""skin"": ""realistic texture, subtle warm glow""
    },

    ""pose"": {
      ""position"": ""low squat pose"",
      ""legs"": ""knees bent, heels lifted"",
      ""hips"": ""pushed back emphasizing curves"",
      ""upper_body"": ""torso twisted slightly"",
      ""head"": ""looking back over shoulder toward camera"",
      ""energy"": ""dominant, confident, party-girl magnetism""
    },

    ""outfit"": {
      ""main_piece"": {
        ""type"": ""black latex catsuit"",
        ""fit"": ""ultra tight, second-skin"",
        ""finish"": ""high-gloss reflective"",
        ""design"": ""open back exposing spine and lower back"",
        ""support"": ""no bra underneath""
      },
      ""shoes"": {
        ""type"": ""black stiletto heels"",
        ""heel_height"": ""very high"",
        ""finish"": ""glossy""
      }
    }
  },

  ""details"": {
    ""vibe"": ""Ibiza after-midnight energy"",
    ""aesthetic"": ""luxury, sexy, unbothered"",
    ""movement"": ""subtle fabric tension visible on outfit"",
    ""background_focus"": ""subject in sharp focus, party crowd softly blurred""
  }
}","2","17","49","2","Sat Dec 27 14:04:00 +0000 2025","40","false","false"
"https://x.com/bananababydoll/status/2004800664891990527","https://twitter.com/bananababydoll/status/2004800664891990527","2004800664891990527","quiet room, loud angles.

Nano Banana Pro Prompt

{
  ""meta"": {
    ""aspect_ratio"": ""9:16"",
    ""quality"": ""ultra_photorealistic"",
    ""resolution"": ""8k"",
    ""camera"": ""smartphone front camera"",
    ""lens"": ""24mm"",
    ""style"": ""high-end social media realism, natural skin texture, no over-smoothing, subtle grain""
  },

  ""scene"": {
    ""location"": ""minimalist apartment bedroom"",
    ""environment"": [
      ""full-length mirror leaning against wall"",
      ""soft carpet floor"",
      ""unmade bed with neutral sheets"",
      ""simple shelving unit"",
      ""dim LED accent light""
    ],
    ""time"": ""after midnight"",
    ""atmosphere"": ""quiet, private, intimate mirror-selfie moment""
  },

  ""lighting"": {
    ""type"": ""low ambient lighting"",
    ""key_light"": ""very soft dim bluish LED from side"",
    ""fill_light"": ""minimal warm spill from room lamp"",
    ""intensity"": ""low"",
    ""contrast"": ""slightly higher"",
    ""effect"": ""moody shadows on hips and thighs, darker corners, soft highlight falloff, night vibe""
  },

  ""camera_perspective"": {
    ""pov"": ""mirror selfie"",
    ""angle"": ""low side-back angle"",
    ""framing"": ""full body visible, hips centered in frame"",
    ""distance"": ""arm-length"",
    ""phone_visibility"": ""visible in mirror""
  },

  ""subject"": {
    ""gender"": ""female"",
    ""age"": ""early 20s (clearly adult)"",
    ""ethnicity"": ""East Asian"",
    ""body"": {
      ""type"": ""slim-thick"",
      ""waist"": ""tight and curved inward"",
      ""hips"": ""round and full, dominant in frame"",
      ""legs"": ""thick thighs with natural compression from kneeling"",
      ""chest"": ""naturally full""
    },

    ""hair"": {
      ""color"": ""dark brown"",
      ""style"": ""low loose ponytail"",
      ""texture"": ""slightly messy with soft loose strands""
    },

    ""face"": {
      ""expression"": ""calm, confident, subtly teasing"",
      ""eyes"": ""looking at phone screen through mirror"",
      ""makeup"": ""natural glam, glossy lips, light eyeliner"",
      ""skin"": ""realistic texture, soft night glow""
    },

    ""accessories"": {
      ""glasses"": {
        ""type"": ""round clear-frame glasses"",
        ""lens"": ""subtle phone-screen reflection"",
        ""fit"": ""natural on nose bridge""
      }
    },

    ""pose"": {
      ""position"": ""kneeling on carpet floor"",
      ""legs"": ""knees down, lower legs folded back"",
      ""feet"": ""feet tucked behind, soles visible"",
      ""hips"": ""fully resting on heels"",
      ""orientation"": ""hips and ass facing the mirror directly"",
      ""torso"": ""upper body twisted back toward mirror"",
      ""back"": ""soft natural arch emphasizing waist-to-hip curve"",
      ""arms"": {
        ""phone_hand"": ""holding phone close to face"",
        ""free_hand"": ""resting lightly on upper thigh or hip""
      },
      ""head"": ""turned back over shoulder toward mirror""
    },

    ""outfit"": {
      ""top"": {
        ""type"": ""cropped oversized t-shirt"",
        ""color"": ""teal or muted purple with playful print"",
        ""fit"": ""loose, lifted slightly due to twist"",
        ""underwear"": ""no bra""
      },
      ""bottom"": {
        ""type"": ""ultra-tight short shorts"",
        ""color"": ""red with colorful cartoon pattern"",
        ""fit"": ""hugging hips and cheeks tightly"",
        ""fabric_behavior"": ""visible stretch and tension from pose"",
        ""waistband"": ""low-rise elastic""
      }
    }
  },

  ""details"": {
    ""realism"": [
      ""natural body compression from kneeling"",
      ""fabric pulled tight over curves"",
      ""subtle skin folds and shadow depth"",
      ""imperfect mirror reflections""
    ],
    ""vibe"": ""intentional mirror angle, private, confident, late-night"",
    ""avoid"": [
      ""black clothing"",
      ""yellow clothing"",
      ""studio lighting"",
      ""overly exaggerated anatomy""
    ]
  }
}","32","19","437","3","Sat Dec 27 06:25:00 +0000 2025","532","false","false"
"https://x.com/bananababydoll/status/2004548503112933555","https://twitter.com/bananababydoll/status/2004548503112933555","2004548503112933555","No filters. No rush. Just curves, sun, and bad decisions waiting to happen.

Nano Banana Pro

{
  ""meta"": {
    ""aspect_ratio"": ""9:16"",
    ""quality"": ""ultra_photorealistic"",
    ""resolution"": ""8k"",
    ""camera"": ""smartphone camera"",
    ""lens"": ""26mm wide"",
    ""style"": ""high-end social media realism, raw iPhone look, natural skin texture, no plastic skin""
  },

  ""scene"": {
    ""location"": ""luxury tropical villa poolside"",
    ""environment"": [
      ""infinity pool with clear turquoise water"",
      ""warm terracotta columns"",
      ""thatched roof shade structure"",
      ""sunlit stone seating bench"",
      ""lush green hills and pastel villas in background""
    ],
    ""time"": ""late afternoon"",
    ""atmosphere"": ""hot summer air, relaxed vacation energy, sensual calm""
  },

  ""lighting"": {
    ""type"": ""natural sunlight"",
    ""direction"": ""soft side-back lighting"",
    ""color"": ""warm golden daylight"",
    ""effect"": ""gentle highlights on skin, subtle shadows defining curves""
  },

  ""camera_perspective"": {
    ""angle"": ""slightly low and close"",
    ""distance"": ""intimate social media framing"",
    ""framing"": ""lower back to head, curves dominant"",
    ""focus"": ""hips, waist, lower back, natural skin texture""
  },

  ""subjects"": [
    {
      ""gender"": ""female"",
      ""age"": ""early 20s"",
      ""ethnicity"": ""Mediterranean"",
      ""body"": {
        ""type"": ""slim-curvy"",
        ""waist"": ""tight"",
        ""hips"": ""round and full"",
        ""ass"": ""soft, lifted, naturally full"",
        ""chest"": ""medium-full""
      },
      ""hair"": {
        ""color"": ""dark brown"",
        ""length"": ""long"",
        ""state"": ""slightly damp, natural waves""
      },
      ""face"": {
        ""visibility"": ""partial side profile"",
        ""expression"": ""confident, relaxed, subtle seductive gaze""
      },
      ""pose"": {
        ""position"": ""sitting sideways on stone bench"",
        ""hips"": ""angled toward camera"",
        ""torso"": ""slightly twisted back"",
        ""hand"": ""resting lightly on the other girl's lower back""
      },
      ""outfit"": {
        ""top"": {
          ""type"": ""string bikini top"",
          ""color"": ""lavender"",
          ""fit"": ""minimal, no bra""
        },
        ""bottom"": {
          ""type"": ""micro thong bikini"",
          ""color"": ""pastel gradient pink-purple"",
          ""fit"": ""thin strings, riding high on hips""
        }
      }
    },

    {
      ""gender"": ""female"",
      ""age"": ""mid 20s"",
      ""ethnicity"": ""Eastern European"",
      ""body"": {
        ""type"": ""curvy"",
        ""waist"": ""defined"",
        ""hips"": ""very round"",
        ""ass"": ""full, soft, dominant"",
        ""chest"": ""full""
      },
      ""hair"": {
        ""color"": ""golden blonde"",
        ""length"": ""long"",
        ""state"": ""dry, smooth, sunlit""
      },
      ""face"": {
        ""visibility"": ""looking back over shoulder"",
        ""expression"": ""confident, slightly teasing""
      },
      ""pose"": {
        ""position"": ""sitting closer to camera"",
        ""hips"": ""fully facing camera"",
        ""torso"": ""arched slightly"",
        ""hand"": ""resting on own thigh""
      },
      ""outfit"": {
        ""top"": {
          ""type"": ""string bikini top"",
          ""color"": ""emerald green"",
          ""fit"": ""tiny, no bra""
        },
        ""bottom"": {
          ""type"": ""micro thong bikini"",
          ""color"": ""green with coral accents"",
          ""fit"": ""tight strings pressing lightly into hips""
        }
      }
    }
  ],

  ""details"": {
    ""skin"": ""realistic pores, natural softness, sun-kissed glow"",
    ""fabric_behavior"": ""bikini strings slightly pressing into skin"",
    ""vibe"": ""effortless luxury, vacation thirst-trap, confident femininity"",
    ""avoid"": [
      ""black clothing"",
      ""yellow clothing"",
      ""bras"",
      ""male presence"",
      ""studio lighting"",
      ""over-smoothing""
    ]
  }
}","7","27","67","6","Fri Dec 26 13:43:00 +0000 2025","71","false","false"
"https://x.com/bananababydoll/status/2004480133718253639","https://twitter.com/bananababydoll/status/2004480133718253639","2004480133718253639","Not CGI. Not a movie. Just a Na’vi caught by iPhone flash.

Gemini Nano Banana Pro

{
  ""meta"": {
    ""aspect_ratio"": ""9:16"",
    ""camera"": ""iPhone (normal photo mode)"",
    ""lens"": ""24mm wide"",
    ""quality"": ""photorealistic"",
    ""resolution"": ""high"",
    ""style"": ""raw iphone flash photo, casual snapshot, NOT portrait, NOT cinematic""
  },

  ""scene"": {
    ""location"": ""public beach at night"",
    ""environment"": [
      ""dark sand"",
      ""black ocean behind"",
      ""faint silhouettes of people far in the background"",
      ""night sky with no visible stars""
    ],
    ""time"": ""night"",
    ""atmosphere"": ""dark, humid, real beach night""
  },

  ""lighting"": {
    ""type"": ""iphone flash"",
    ""source"": ""direct on-camera flash"",
    ""effect"": [
      ""harsh frontal flash"",
      ""bright subject, dark background"",
      ""strong shadow falloff"",
      ""slight overexposure on wet skin""
    ]
  },

  ""camera_perspective"": {
    ""pov"": ""another person casually taking the photo"",
    ""angle"": ""eye-level"",
    ""framing"": ""upper thighs to head"",
    ""distance"": ""about 3 meters"",
    ""imperfections"": [
      ""iphone noise"",
      ""minor blur"",
      ""imperfect centering"",
      ""snapshot feel""
    ]
  },

  ""subject"": {
    ""species"": ""Na'vi (real-world evolved humanoid)"",
    ""gender"": ""female"",
    ""age"": ""clearly adult"",

    ""face"": {
      ""structure"": ""Na'vi facial proportions"",
      ""skin"": {
        ""color"": ""muted realistic blue"",
        ""texture"": ""real skin texture, visible pores"",
        ""paint"": ""vertical red tribal paint line from forehead down face""
      },
      ""eyes"": {
        ""color"": ""golden yellow"",
        ""expression"": ""direct eye contact""
      },
      ""mouth"": {
        ""expression"": ""kissy lips, blowing a soft kiss""
      }
    },

    ""hair"": {
      ""style"": ""long thin braids"",
      ""color"": ""dark"",
      ""state"": ""slightly messy, beach-worn""
    },

    ""body"": {
      ""type"": ""slim-curvy"",
      ""waist"": ""defined"",
      ""hips"": ""soft feminine curves"",
      ""chest"": ""naturally full""
    },

    ""pose"": {
      ""description"": ""playful standing pose with both arms raised, elbows bent outward, fists held close to the cheeks"",
      ""shoulders"": ""slightly lifted"",
      ""torso"": ""subtle twist emphasizing waist"",
      ""hips"": ""shifted slightly to one side"",
      ""legs"": ""one leg bearing weight, the other relaxed"",
      ""energy"": ""playful, teasing, casual""
    },

    ""outfit"": {
      ""top"": {
        ""type"": ""black triangle bikini top"",
        ""state"": ""wet"",
        ""fabric"": ""slightly sheer, semi-transparent when wet"",
        ""effect"": ""subtle natural outline visible through fabric, non-graphic""
      },
      ""bottom"": {
        ""type"": ""black bikini bottom"",
        ""state"": ""wet"",
        ""fit"": ""normal beach fit""
      }
    },

    ""details"": {
      ""tail"": ""long Na'vi tail clearly visible behind legs, illuminated by flash"",
      ""skin_state"": ""wet skin reflecting harsh flash light"",
      ""overall_vibe"": ""looks like a random iphone flash photo taken at night on the beach""
    }
  },

  ""negative_prompt"": [
    ""portrait mode"",
    ""cinematic lighting"",
    ""cgi"",
    ""3d render"",
    ""fantasy illustration"",
    ""studio lighting"",
    ""over-processed"",
    ""anime"",
    ""plastic skin""
  ]
}","20","18","446","4","Fri Dec 26 09:11:19 +0000 2025","545","false","false"
"https://x.com/bananababydoll/status/2004433998475620624","https://twitter.com/bananababydoll/status/2004433998475620624","2004433998475620624","I don’t think rooftop mornings are supposed to feel this dangerous.

Nano Banana Pro

{
  ""meta"": {
    ""aspect_ratio"": ""9:16"",
    ""quality"": ""ultra_photorealistic"",
    ""resolution"": ""8k"",
    ""camera"": ""iPhone 17 Pro Max"",
    ""style"": ""dreamy sunlit realism, natural skin texture, soft warm tones""
  },

  ""scene"": {
    ""location"": ""Mediterranean style rooftop terrace in Spain"",
    ""environment"": [
      ""white stone walls"",
      ""terracotta tiles"",
      ""bright noon sunlight"",
      ""soft breeze moving fabrics"",
      ""deep blue sea in background"",
      ""colorful potted flowers""
    ],
    ""time"": ""late morning"",
    ""atmosphere"": ""vacation sensuality, warm sun-kissed calmness""
  },

  ""subject"": {
    ""type"": ""adult female figure"",
    ""ethnicity"": ""Mediterranean × Asian mix"",
    ""beauty_level"": ""top-tier Instagram model stunning"",
    ""body"": {
      ""shape"": ""slim-thick hourglass, sculpted waist, full hips"",
      ""chest"": ""naturally full, outlined through fabric"",
      ""skin"": ""warm golden glow, smooth realistic light texture""
    },

    ""hair"": {
      ""length"": ""long"",
      ""texture"": ""soft waves"",
      ""style"": ""wind-blown messy glamorous"",
      ""color"": ""sun-kissed dark brown""
    },

    ""face"": {
      ""features"": ""angelic, seductive, extremely photogenic"",
      ""expression"": ""playful half-smirk, confident eyes"",
      ""eyes"": ""amber brown catching sunlight"",
      ""mouth"": ""soft parted glossy lips""
    },

    ""pose"": {
      ""position"": ""kneeling on sunbed facing the camera"",
      ""upper_body"": ""slight arch, chest lifted naturally"",
      ""legs"": ""knees apart on cushion, hips slightly tilted"",
      ""arms"": {
        ""right_hand"": ""holding sunglasses near lips"",
        ""left_hand"": ""resting on inner thigh""
      }
    },

    ""outfit"": {
      ""top"": {
        ""type"": ""tight cropped tank"",
        ""color"": ""pastel pink with subtle fruit print"",
        ""fit"": ""thin, snug, no bra, fabric hugging and outlining chest"",
        ""details"": ""sunlight making fabric faintly translucent""
      },
      ""bottom"": {
        ""type"": ""micro denim shorts"",
        ""color"": ""light wash"",
        ""fit"": ""very tight, riding up at hips, unbuttoned halfway"",
        ""details"": ""loose waistband showing lower abdomen curve""
      }
    }
  },

  ""lighting"": {
    ""type"": ""bright natural sun"",
    ""key_light"": ""direct Mediterranean sunlight from above-front"",
    ""fill_light"": ""soft bounce from white terrace walls"",
    ""effect"": ""sharp but flattering highlights, warm skin sparkle""
  },

  ""camera_perspective"": {
    ""pov"": ""third-person photographer view"",
    ""angle"": ""slightly low angle looking up for supermodel effect"",
    ""framing"": ""mid-thigh to head, sea and terrace visible behind"",
    ""distance"": ""1 meter""
  }
}","2","6","51","1","Fri Dec 26 06:08:00 +0000 2025","59","false","false"
"https://x.com/bananababydoll/status/2004289294572155344","https://twitter.com/bananababydoll/status/2004289294572155344","2004289294572155344","soft light, no plans, just vibes 🍋

Nano Banana Pro

{
  ""meta"": {
    ""aspect_ratio"": ""9:16"",
    ""quality"": ""ultra_photorealistic"",
    ""resolution"": ""8k"",
    ""camera"": ""iPhone 15 Pro Max"",
    ""lens"": ""24mm wide"",
    ""style"": ""hyper-realistic social media selfie, natural skin texture, subtle grain, zero plastic look""
  },

  ""scene"": {
    ""location"": ""small European coastal town apartment kitchen"",
    ""time"": ""late afternoon"",
    ""atmosphere"": ""warm summer air, windows open, soft breeze moving curtains"",
    ""environment_details"": [
      ""sunlight spilling through sheer curtains"",
      ""ceramic tiles"",
      ""wooden countertop"",
      ""half-cut lemons on the counter"",
      ""espresso cup nearby""
    ]
  },

  ""lighting"": {
    ""type"": ""natural sunlight"",
    ""direction"": ""side-lit from window"",
    ""color_temperature"": ""warm golden"",
    ""effect"": ""soft highlights on skin, gentle shadows enhancing curves""
  },

  ""camera_perspective"": {
    ""pov"": ""we ARE her phone"",
    ""angle"": ""slightly above eye level"",
    ""framing"": ""upper thighs to head"",
    ""distance"": ""arm-length selfie"",
    ""phone_visibility"": ""not visible""
  },

  ""subject"": {
    ""gender"": ""female"",
    ""age"": ""early 20s (clearly adult)"",
    ""ethnicity"": ""random mixed Mediterranean–Asian"",
    
    ""body"": {
      ""type"": ""slim-curvy"",
      ""waist"": ""small and defined"",
      ""hips"": ""full and round"",
      ""chest"": ""naturally full"",
      ""legs"": ""smooth thighs with soft inner curves""
    },

    ""hair"": {
      ""color"": ""warm light brown"",
      ""style"": ""loose messy waves"",
      ""length"": ""long"",
      ""details"": ""sunlight catching individual strands""
    },

    ""face"": {
      ""expression"": ""relaxed seductive gaze with soft confidence"",
      ""eyes"": ""slightly heavy-lidded, looking into the lens"",
      ""lips"": ""glossy, gently parted"",
      ""makeup"": ""minimal makeup, natural glow, subtle blush""
    },

    ""pose"": {
      ""stance"": ""standing sideways near the counter"",
      ""hips"": ""pushed back slightly"",
      ""upper_body"": ""torso twisted toward camera"",
      ""legs"": ""one knee bent, weight shifted"",
      ""arms"": {
        ""phone_hand"": ""raised casually for selfie"",
        ""free_hand"": ""resting on counter, fingers relaxed""
      }
    },

    ""outfit"": {
      ""top"": {
        ""type"": ""ultra thin white ribbed crop tank"",
        ""fit"": ""tight, stretched naturally over chest"",
        ""fabric"": ""slightly sheer cotton"",
        ""support"": ""no bra""
      },
      ""bottom"": {
        ""type"": ""tiny low-rise lounge shorts"",
        ""color"": ""soft grey"",
        ""fit"": ""very short, riding high on hips"",
        ""fabric"": ""thin, soft, hugging curves""
      }
    },

    ""vibe"": ""effortless hot-girl-at-home energy, intimate, natural, unposed but intentional""
  },

  ""post_processing"": {
    ""retouching"": ""very light"",
    ""skin"": ""real pores and texture preserved"",
    ""contrast"": ""soft"",
    ""sharpness"": ""high but natural""
  }
}","16","18","193","3","Thu Dec 25 20:33:00 +0000 2025","169","false","false"
